id,tyc,gaia,hyg,hip,hd,hr,gl,bayer,flam,con,proper,ra,dec,pos_src,dist,x0,y0,z0,dist_src,mag,absmag,ci,mag_src,rv,rv_src,pm_ra,pm_dec,pm_src,vx,vy,vz,spect,spect_src
1,,,0,,,,,,,,Sol,0,0,OTHER,0,0.000005,0,0,OTHER,-26.7,4.85,0.656,OTHER,,OTHER,,,OTHER,,,,G2 V,OTHER
2,4669-731-1,2.4431E+18,,,224701,,,,,Psc,,0.00002263,-5.49436227,T,509.1956,506.856,0.003,-48.754,G_R3,9.239,0.705,1.117,T,-17.371,G_R3,22.498,-11.301,G_R3,-19.904,54.306,-25.49,G8 IV,T
3,1-381-1,,1,1,224700,,,,,Psc,,0.00005974,1.08900761,T,219.7802,219.741,0.003,4.177,HIP,9.1,2.39,0.482,HIP,,N,-5.2,-1.88,HYG,0.037,-5.418,-1.958,F3 V,T
14,2259-803-1,2.87372E+18,,,,,,,,Peg,,0.00022447,31.53207494,T,817.1342,696.482,0.041,427.341,G_R3,9.013,-0.548,1.751,T,38.654,G_R3,9.265,-4.88,G_R3,42.83,35.891,4.105,K2,T
21,5841-1155-1,2.34187E+18,2,2,224690,,,,,Cet,,0.00028401,-19.49883522,T,37.3164,35.176,0.003,-12.456,G_R3,9.27,6.411,0.999,HIP,6.83,G_R3,179.805,-1.041,G_R3,6.375,31.807,-2.454,K3 V,T
27,2781-1863-1,2.88174E+18,3,3,224699,,,,,And,,0.00033463,38.85927781,T,334.1479,260.197,0.023,209.648,G_R3,6.61,-1.01,-0.019,HIP,,N,5.761,-2.406,G_R3,2.39,9.126,-2.968,B9,T